Мясо цыпленка «Каждый день» в собственном соку, 325 г, 81.99 , Нет скидки, 27205, Каждый день, https://www.auchan.ru/product/kd-myaso-cyplenka-v-s-s-325g/
Огурцы «Каждый день» соленые, 1 кг, 139.96 , Нет скидки, 279967, Каждый день, https://www.auchan.ru/product/kd-ogurcy-sol-1kg-vedro/
Крупа гречневая «Каждый день», 3 кг, 124.58 , Нет скидки, 39026, Каждый день, https://www.auchan.ru/product/kd-grechnevaya-krupa-3-kg-1/
Фасоль «Каждый день», 800 г, 99.98 , Нет скидки, 831724, Каждый день, https://www.auchan.ru/product/kd-fasol-800-g/
Капуста квашеная «Каждый день» с морковью, 900 г, 79.98 , Нет скидки, 279878, Каждый день, https://www.auchan.ru/product/kd-kapusta-kvash-0-9kg-vedro/
Мюсли «Каждый день» с фруктами, 250 г, 79.98 , Нет скидки, 60435, Каждый день, https://www.auchan.ru/product/kd-myusli-s-fruktami-250-gr/
Крупа ячневая «Каждый день», 800 г, 22.98 , Нет скидки, 884256, Каждый день, https://www.auchan.ru/product/kd_yachnevaya_krupa_800g/
Лапша быстрого приготовления «Каждый день» курица, 75 г, 33.99 , Нет скидки, 171197, Каждый день, https://www.auchan.ru/product/kdlapsha_bp_s_kurbul75g/
Паштет «Каждый день» с гусиной печенью, 100 г, 26.99 , Нет скидки, 51764, Каждый день, https://www.auchan.ru/product/kdpashtet_s_kur_pechenyu_100g/
Луковые колечки «Каждый день» со вкусом сыра, 100 г, 41.99 , Нет скидки, 993199, Каждый день, https://www.auchan.ru/product/kd-chipsy-vkus-syr-100g/
Хлопья кукурузные «Каждый день» глазированные, 250 г, 37.98 , Нет скидки, 840446, Каждый день, https://www.auchan.ru/product/kd-hlopya-kukur-glazir-250g/
Фасоль белая «Каждый день» в собственном соку, 400 г, 48.98 , Нет скидки, 96836, Каждый день, https://www.auchan.ru/product/fasol-belaya-kazhdyy-den-v-sobstvennom-soku-360-g/
Сахар «Каждый День», 4 г, 1.59 , Нет скидки, 762245, Каждый день, https://www.auchan.ru/product/kd_sahar_stik_4g/
Хамса «Каждый день» в томатном соусе, 240 г, 35.99 , Нет скидки, 926246, Каждый день, https://www.auchan.ru/product/kd-hamsa-v-t-s-240gr/
Майонез «Каждый День» Провансаль 50,5%, 200 мл, 39.98 , Нет скидки, 825003, Каждый день, https://www.auchan.ru/product/kd-m-z-provans-50-5-d-p-200ml/
Кетчуп «Каждый день» Шашлычный, 250 г, 27.99 , Нет скидки, 508117, Каждый день, https://www.auchan.ru/product/kdketchup_shashlychnyy_250g_d_p/
Томаты маринованные «Каждый день», 680 г, 83.98 , Нет скидки, 807117, Каждый день, https://www.auchan.ru/product/kdtomaty_mar_680_gr/
Сардина «Каждый день», 240 г, 76.99 , Нет скидки, 926799, Каждый день, https://www.auchan.ru/product/kd-sardina-ndm-240gr/
Фасоль белая «Каждый день» в томатном соусе, 360 г, 51.43 , Нет скидки, 96839, Каждый день, https://www.auchan.ru/product/fasol-belaya-kazhdyy-den-v-tomatnom-souse-360-g/
Горчица «Каждый день» Русская, 150 г, 21.98 , Нет скидки, 237401, Каждый день, https://www.auchan.ru/product/gorchica-russkaya-kazhdyy-den-150-g/
Масло подсолнечное «Каждый день» рафинированное дезодорированное, 5 л, 419.85 , Нет скидки, 460029, Каждый день, https://www.auchan.ru/product/kdmaslo_podsolnechn_rd_5l/
Уксус «Каждый день», 180 г, 38.98 , Нет скидки, 232073, Каждый день, https://www.auchan.ru/product/kduksusnaya_kislota_70_018l/
Макаронные изделия «Каждый день» Ракушки, 400 г, 16.97 , Нет скидки, 952541, Каждый день, https://www.auchan.ru/product/kd-rakushki-400-g/
Социальный товар Пшено, 800 г, 28.97 , Нет скидки, 885997, Каждый день, https://www.auchan.ru/product/kd-psheno-800g-1/
Рис круглозерный «Каждый день», 800 г, 55.97 , Нет скидки, 919318, Каждый день, https://www.auchan.ru/product/kdris_kruglozernyy_800g/
Социальный товар Вермишель, 400 г, 16.97 , Нет скидки, 543948, Каждый день, https://www.auchan.ru/product/kd-vermishel-400-g-2/
Кисель «Каждый день» клюква, 30 г, 6.99 , Нет скидки, 382581, Каждый день, https://www.auchan.ru/product/kdkisel_momprigklyukva_30_g/
Крупа пшеничная «Каждый день», 800 г, 23.98 , Нет скидки, 829177, Каждый день, https://www.auchan.ru/product/kdpshenichn_krupa__800_g/
Мука пшеничная «Каждый День», 1 кг, 21.43 , Нет скидки, 696390, Каждый день, https://www.auchan.ru/product/kdmuka_1_kg/
Ананас «Каждый день» в кусочках, 850 мл, 172.61 , Нет скидки, 10461, Каждый день, https://www.auchan.ru/product/kd-ananasy-kusochki-850-ml/
Крупа перловая «Каждый День», 200 г, 12.59 , Нет скидки, 351884, Каждый день, https://www.auchan.ru/product/kdkrupa_perlovaya_02kg/
Подушечки «Каждый день» с молочной начинкой, 200 г, 30.99 , Нет скидки, 892452, Каждый день, https://www.auchan.ru/product/kdpodush_s_mol_nachin_200g/
Сельдь «Каждый день» в масле, 240 г, 62.99 , Нет скидки, 926796, Каждый день, https://www.auchan.ru/product/kd-seld-ndm-240gr/
Каша гречневая «Каждый день» с говядиной, 340 г, 45.99 , Нет скидки, 247262, Каждый день, https://www.auchan.ru/product/kdkasha_grechns_govyad340_gr/
Крупа гречневая «Каждый день», 3 кг, 124.58 , Нет скидки, 38509, Каждый день, https://www.auchan.ru/product/kd-grechnevaya-krupa-3-kg/
Зефир «Каждый день» ванильный, 180 г, 47.98 , Нет скидки, 32397, Каждый день, https://www.auchan.ru/product/kd-zefir-vanilnyy-180g/
Крупа кукурузная «Каждый День», 800 г, 41.98 , Нет скидки, 885964, Каждый день, https://www.auchan.ru/product/kdkukuruznaya_krupa_800g/
Кофе в зернах «Каждый день», 100 г, 74.98 , Нет скидки, 25872, Каждый день, https://www.auchan.ru/product/kd-kofe-v-zernah-100g/
Суп вермишелевый «Каждый день» грибной, 60 г, 12.97 , Нет скидки, 728753, Каждый день, https://www.auchan.ru/product/kdsup_gribnoy_60gr/
Кетчуп «Каждый день» Острый, 900 г, 84.98 , Нет скидки, 526639, Каждый день, https://www.auchan.ru/product/kdketchup_ostryy_900_g/
Вермишель быстрого приготовления «Каждый день» со вкусом курицы, 60 г, 12.98 , Нет скидки, 171200, Каждый день, https://www.auchan.ru/product/kdvermishel_bp_s_kurbu60g/
Крупа кукурузная «Каждый День», 800 г, 41.98 , Нет скидки, 885964, Каждый день, https://www.auchan.ru/product/kdkukuruznaya_krupa_800g/
Кетчуп «Каждый день» Болгарский, 250 г, 27.99 , Нет скидки, 508110, Каждый день, https://www.auchan.ru/product/kdketchup_bolgarskiy_250g_d_p/
Крупа гречневая «Каждый день», 3 кг, 124.58 , Нет скидки, 38509, Каждый день, https://www.auchan.ru/product/kd-grechnevaya-krupa-3-kg/
Фруктоза «Каждый День»,1 кг, 264.99 , Нет скидки, 382507, Каждый день, https://www.auchan.ru/product/kd-fruktoza-1kg/
Аджика «Каждый день» Кавказская, 190 г, 37.98 , Нет скидки, 86648, Каждый день, https://www.auchan.ru/product/kdsous_adzhika_190g/
Толстолобик «Каждый день» в томатном соусе, 240 г, 63.99 , Нет скидки, 908524, Каждый день, https://www.auchan.ru/product/kd-tolstolobik-v-t-s-240-gr/
Кетчуп «Каждый день» Острый, 250 г, 27.99 , Нет скидки, 496984, Каждый день, https://www.auchan.ru/product/kdketchup_ostryy_250g_d_p/
Огурцы соленые «Каждый день», 900 г, 121.99 , Нет скидки, 818542, Каждый день, https://www.auchan.ru/product/kd-ogurcy-solenye-900-g/
Паштет «Каждый день» с гусиной печенью, 100 г, 30.98 , Нет скидки, 51765, Каждый день, https://www.auchan.ru/product/kdpashtet_s_gus_pechenyu_100g/
Макаронные изделия «Каждый День» Спиральки, 400 г, 18.16 , Нет скидки, 543961, Каждый день, https://www.auchan.ru/product/kd-spiralki-400-g-1/
Кокосовая стружка «Каждый День», 40 г, 25.99 , Нет скидки, 478563, Каждый день, https://www.auchan.ru/product/kdkokosovaya_struzhka_40g/
Шпроты «Каждый день» в масле, 160 г, 59.98 , Нет скидки, 235686, Каждый день, https://www.auchan.ru/product/shproty-kazhdyy-den-v-masle-160-g/
Каша перловая «Каждый день» с говядиной, 340 г, 36.99 , Нет скидки, 247263, Каждый день, https://www.auchan.ru/product/kdkasha_perlovaya_s_govyad340g/
Тунец «Каждый день» Макрелевый, 240 г, 94.99 , Нет скидки, 908518, Каждый день, https://www.auchan.ru/product/kd-tunec-makrelevyy-nat-240gr/
Паста томатная «Каждый день», 250 г, 46.99 , Нет скидки, 298018, Каждый день, https://www.auchan.ru/product/kdtomatnaya_pasta_250g_d_p/
Говядина тушеная «Каждый день», 340 г, 33.98 , Нет скидки, 987151, Каждый день, https://www.auchan.ru/product/govyadina-tushenaya-kazhdyy-den-340-g/
Лимонная кислота «Каждый День», 80 г, 39.98 , Нет скидки, 395853, Каждый день, https://www.auchan.ru/product/kdlimonnaya_kislota_80_gr/
Макаронные изделия «Каждый день» Спиральки, 400 г, 16.97 , Нет скидки, 952539, Каждый день, https://www.auchan.ru/product/kd-spiralki-400-g-2/
Каша овсяная «Каждый День» с клубникой, 35 г, 6.98 , Нет скидки, 262459, Каждый день, https://www.auchan.ru/product/kdkasha_ovss_klubnikoy_35gr/
Огурцы соленые «Каждый день», 500 г, 69.98 , Нет скидки, 279946, Каждый день, https://www.auchan.ru/product/kdogurcy_sol_05_kg_vedro/
Макаронные изделия «Каждый день» Вермишель, 400 г, 16.97 , Нет скидки, 952565, Каждый день, https://www.auchan.ru/product/kd-vermishel-400-g-3/
Ананас «Каждый день» в кусочках, 580 мл, 123.98 , Нет скидки, 10471, Каждый день, https://www.auchan.ru/product/kd-ananas-kusochki-580-ml/
Пюре картофельное «Каждый день» быстрого приготовления с гренками, 40 г, 24.98 , Нет скидки, 539025, Каждый день, https://www.auchan.ru/product/kdkartpyure_grenki_40g/
Соус майонезный «Каждый день» постный 25%, 200 мл, 21.99 , Нет скидки, 43662, Каждый день, https://www.auchan.ru/product/kd-postnyy-sous-25-200ml/
Чипсы «Каждый день» со вкусом бекона, 100 г, 41.99 , Нет скидки, 993200, Каждый день, https://www.auchan.ru/product/kd-chipsy-vkus-bekon-100g/
Желатин пищевой «Каждый День», 10 г, 18.98 , Нет скидки, 382652, Каждый день, https://www.auchan.ru/product/kdzhelatin_10g/
Мюсли «Каждый день» запеченные яблоко-груша, 250 г, 79.98 , Нет скидки, 60434, Каждый день, https://www.auchan.ru/product/kd-myusli-zap-yabl-grush-250gr/
Масло оливковое «Каждый день» Помас, 1 л, 549.99 , Нет скидки, 11702, Каждый день, https://www.auchan.ru/product/kd-oliv-maslo-pomas-1l-pet/
Майонез «Каждый День» Провансаль 50,5%, 900 мл, 157.98 , Нет скидки, 240411, Каждый день, https://www.auchan.ru/product/kdm_z_provansal_505_900gr/
Томаты маринованные «Каждый день» Черри, 680 г, 93.99 , Нет скидки, 807101, Каждый день, https://www.auchan.ru/product/kdtomaty_mar_cherri_680_gr/
Майонез «Каждый День» оливковый 50,5%, 200 мл, 39.98 , Нет скидки, 825013, Каждый день, https://www.auchan.ru/product/kd-m-3-olivk-50-5-d-p-200ml/
Майонез «Каждый День» Провансаль 50,5%, 400 мл, 75.99 , Нет скидки, 760388, Каждый день, https://www.auchan.ru/product/kdm_z_provans505_dp_400ml/
Звездочки глазированные «Каждый День», 250 г, 41.99 , Нет скидки, 892449, Каждый день, https://www.auchan.ru/product/kdzvezdochki_250_g/
Горошек зеленый «Каждый день», 400 г, 37.98 , Нет скидки, 983175, Каждый день, https://www.auchan.ru/product/kd-goroshek-zelenyy-400gr/
Каша овсяная «Каждый День» с малиной, 35 г, 6.98 , Нет скидки, 262464, Каждый день, https://www.auchan.ru/product/kasha-ovsyanaya-kazhdyy-den-s-malinoy-35-g/
Кукуруза сахарная «Каждый день», 200 г, 37.09 , Нет скидки, 735856, Каждый день, https://www.auchan.ru/product/kdkukuruza_saharnaya_200gr/
Кетчуп «Каждый день» Шашлычный, 900 г, 84.98 , Нет скидки, 526648, Каждый день, https://www.auchan.ru/product/kdketchup_shashlychnyy_900_g/
Майонез «Каждый День» оливковый 50,5%, 900 мл, 157.98 , Нет скидки, 824989, Каждый день, https://www.auchan.ru/product/kd-m-z-olivk-50-5-900ml/
Дрожжи хлебопекарные «Каждый день», 12 г, 6.98 , Нет скидки, 382712, Каждый день, https://www.auchan.ru/product/kd-drozhzhi-hlebopek-suhie-12g/
Пюре картофельное «Каждый день» с грибами и жареным луком, 40 г, 24.98 , Нет скидки, 539031, Каждый день, https://www.auchan.ru/product/kdkrtpyure_gribyluk_40g/
Масло оливковое «Каждый день» нерафинированное Extra Virgin, 500 мл, 333.98 , Нет скидки, 879118, Каждый день, https://www.auchan.ru/product/kd-maslo-oliv-ex-v-0-5l/
Тушенка «Каждый день» свиная, 340 г, 39.98 , Нет скидки, 987155, Каждый день, https://www.auchan.ru/product/kdtushenka_kusk_svinaya_zhb340g/
Разрыхлитель для теста «Каждый День», 12 г, 6.98 , Нет скидки, 382730, Каждый день, https://www.auchan.ru/product/kdrazryhlitel_testa_12g/
Лапша быстрого приготовления «Каждый день» грибы, 75 г, 33.99 , Нет скидки, 171198, Каждый день, https://www.auchan.ru/product/kdlapsha_bp_s_gribami75g/
Спаржа «Каждый день» по-корейски, 150 г, 69.99 , Нет скидки, 347398, Каждый день, https://www.auchan.ru/product/kdsparzha_po_koreyski_150g/
Подушечки «Каждый день» с шоколадной начинкой, 200 г, 30.99 , Нет скидки, 892457, Каждый день, https://www.auchan.ru/product/kdpodush_s_shok_nachin_200g/
Паштет шпротный «Каждый день», 160 г, 27.99 , Нет скидки, 923765, Каждый день, https://www.auchan.ru/product/kd-pashtet-shprotnyy-160gr/
Каша овсяная «Каждый День» с клубникой, 35 г, 6.98 , Нет скидки, 262459, Каждый день, https://www.auchan.ru/product/kdkasha_ovss_klubnikoy_35gr/
Вермишель быстрого приготовления «Каждый день» со вкусом бекона и сыра, 60 г, 12.98 , Нет скидки, 171203, Каждый день, https://www.auchan.ru/product/kdvermishel_bp_s_bek60g/
Ананасы кусочки «Каждый день» в сиропе, 580 мл, 123.98 , Нет скидки, 773388, Каждый день, https://www.auchan.ru/product/kdananasy_kusochki_580_ml/
Паштет «Каждый день» с говяжьей печенью, 100 г, 26.99 , Нет скидки, 51755, Каждый день, https://www.auchan.ru/product/kdpashtet_s_govpechenyu_100g/
Суп вермишелевый «Каждый день» мясной, 60 г, 12.97 , Нет скидки, 728757, Каждый день, https://www.auchan.ru/product/kdsup_myasnoy_60gr/
Масло подсолнечное «Каждый день» рафинированное дезодорированное, 1 л, 83.97 , Нет скидки, 460028, Каждый день, https://www.auchan.ru/product/kd-maslo-podsolnechn-r-d-1l/
Суп вермишелевый «Каждый день» куриный, 60 г, 9.98 , Нет скидки, 728759, Каждый день, https://www.auchan.ru/product/kdsup_kurinyy_60gr/
Сахарная пудра «Каждый день», 250 г, 39.98 , Нет скидки, 478562, Каждый день, https://www.auchan.ru/product/kdsaharnaya_pudra_250g/
Уксус «Каждый день» столовый 9%, 500 мл, 28.98 , Нет скидки, 657830, Каждый день, https://www.auchan.ru/product/kduksus_stolovyy_9_05l/
Крупа перловая «Каждый День», 800 г, 22.98 , Нет скидки, 831686, Каждый день, https://www.auchan.ru/product/kdperlovaya_krupa__800_g/
Паста томатная «Каждый день», 70 г, 20.98 , Нет скидки, 503281, Каждый день, https://www.auchan.ru/product/kdtomatnaya_pasta_70g_sashet/
Кетчуп «Каждый день» Томатный, 250 г, 29.98 , Нет скидки, 496980, Каждый день, https://www.auchan.ru/product/kdketchup_tomatnyy_250g_d_p/
Макаронные изделия «Каждый день» Спагетти, 400 г, 16.97 , Нет скидки, 952486, Каждый день, https://www.auchan.ru/product/kd-spagetti-400-g-3/
Социальный товар Крупа гречневая, 800 г, 34.97 , Нет скидки, 891262, Каждый день, https://www.auchan.ru/product/kd-grechnevaya-krupa-800g-1/
Печень трески «Каждый день» атлантической по-мурмански, 240 г, 67.99 , Нет скидки, 923758, Каждый день, https://www.auchan.ru/product/kd-pechen-treski-po-murm-240g/
Языки консервированные «Каждый день» свиные в желе по-домашнему, 250 г, 138.99 , Нет скидки, 775817, Каждый день, https://www.auchan.ru/product/kdyazyki_konservirovannye_250g/
Мука блинная «Каждый День», 300 г, 31.98 , Нет скидки, 456388, Каждый день, https://www.auchan.ru/product/kdmuka_blinnaya_vs_300gr/
Оливки «Каждый день» с косточкой, 300 г, 75.98 , Нет скидки, 382639, Каждый день, https://www.auchan.ru/product/kdolivki_zelsk_300gr/
Кисель «Каждый день» вишня, 30 г, 8.98 , Нет скидки, 382638, Каждый день, https://www.auchan.ru/product/kdkisel_momprigvishnya_30_g/
Корнишоны маринованные «Каждый день», 680 г, 124.99 , Нет скидки, 818534, Каждый день, https://www.auchan.ru/product/kd-kornishony-680gr/
Майонез «Каждый День» оливковый 50,5%, 400 мл, 75.99 , Нет скидки, 755885, Каждый день, https://www.auchan.ru/product/kdm_3_olivk505_dp_400ml/
Кукуруза сахарная «Каждый день», 400 г, 52.98 , Нет скидки, 715159, Каждый день, https://www.auchan.ru/product/kdkukuruza_saharnaya_400gr/
Рис «Каждый День» длиннозерный, 800 г, 69.98 , Нет скидки, 925127, Каждый день, https://www.auchan.ru/product/kd-ris-dlinnozernyy-800g-1/
Сахар ванильный «Каждый День», 10 г, 6.98 , Нет скидки, 382721, Каждый день, https://www.auchan.ru/product/kdvanilnyy_sahar_10g/
Макаронные изделия «Каждый день» Рожки, 400 г, 16.97 , Нет скидки, 952562, Каждый день, https://www.auchan.ru/product/kd-rozhki-400-g-3/
Шарики шоколадные «Каждый день», 250 г, 41.99 , Нет скидки, 892444, Каждый день, https://www.auchan.ru/product/kdshariki_250_g/
Каша овсяная «Каждый День» традиционная, 35 г, 6.98 , Нет скидки, 262468, Каждый день, https://www.auchan.ru/product/kdkasha_ovstradicion35gr/
Соус соевый «Каждый день», 1 л, 99.98 , Нет скидки, 238369, Каждый день, https://www.auchan.ru/product/kdsoevyy_sous_1litr/
Хрен «Каждый день» столовый, 140 г, 35.98 , Нет скидки, 973600, Каждый день, https://www.auchan.ru/product/kdhren_stolovyy_140g/
Фасоль красная «Каждый день» в собственном соку, 400 г, 47.98 , Нет скидки, 96840, Каждый день, https://www.auchan.ru/product/fasol-krasnaya-kazhdyy-den-v-sobstvennom-soku-360-g/
Икра из кабачков «Каждый день», 360 г, 52.98 , Нет скидки, 807102, Каждый день, https://www.auchan.ru/product/kdikra_iz_kabachkov_360g_zhb/
Каша овсяная «Каждый день» с абрикосом, 35 г, 6.98 , Нет скидки, 262465, Каждый день, https://www.auchan.ru/product/kdkasha_ovss_abrikosom_35gr/
Пюре картофельное «Каждый день» с курицей, 40 г, 24.98 , Нет скидки, 539020, Каждый день, https://www.auchan.ru/product/kdkartpyure_kurica_40g/
Крупа манная «Каждый День», 800 г, 34.98 , Нет скидки, 279915, Каждый день, https://www.auchan.ru/product/kd-krupa-mannaya-800-gr-1/
Капуста квашеная «Каждый день», 600 г, 65.99 , Нет скидки, 991146, Каждый день, https://www.auchan.ru/product/kd-kapusta-kvash-0-6kg-vedro-sht/
Соус майонезный «Каждый день» постный 25%, 400 мл, 38.99 , Нет скидки, 43663, Каждый день, https://www.auchan.ru/product/kd-postnyy-sous-25-400ml/
Килька «Каждый день» в томатном соусе, 240 г, 29.98 , Нет скидки, 926264, Каждый день, https://www.auchan.ru/product/kd-kilka-v-t-s-240gr/
Лечо «Каждый день» по-болгарски, 680г, 110.98 , Нет скидки, 887839, Каждый день, https://www.auchan.ru/product/kd-lecho-680gr/
Икра «Каждый день» из баклажанов, 360 г, 57.98 , Нет скидки, 877002, Каждый день, https://www.auchan.ru/product/kd-ikra-iz-bakl-zh-b-360-gr/
Вафельные листы «Каждый День», 125 г, 31.99 , Нет скидки, 132173, Каждый день, https://www.auchan.ru/product/kdvafelnye_listy_125g/
Кофе молотый «Каждый день», 100 г, 74.98 , Нет скидки, 25868, Каждый день, https://www.auchan.ru/product/kd-kofe-molotyy-100g/
Фасоль красная «Каждый день» в томатном соусе, 360 г, 50.38 , Нет скидки, 96842, Каждый день, https://www.auchan.ru/product/fasol-krasnaya-kazhdyy-den-v-tomatnom-souse-360-g/
Рис круглозерный «Каждый день», 3 кг, 203.59 , Нет скидки, 678186, Каждый день, https://www.auchan.ru/product/kdris_kruglozernyy_3_kg/
Лапша быстрого приготовления «Каждый день» говядина, 75 г, 33.99 , Нет скидки, 171196, Каждый день, https://www.auchan.ru/product/kdlapsha_bp_s_govyazh_bul75g/
Лапша быстрого приготовления «Каждый день» бекон сыр, 75 г, 33.99 , Нет скидки, 171199, Каждый день, https://www.auchan.ru/product/kdlapsha_bp_s_bek_i_syr_75g/
Горбуша «Каждый день» натуральная, 240 г, 103.98 , Нет скидки, 926800, Каждый день, https://www.auchan.ru/product/kd-gorbusha-nat-240gr/
Сардина «Каждый день» Иваси, 240 г, 76.99 , Нет скидки, 926793, Каждый день, https://www.auchan.ru/product/kd-sardina-ivasi-nat-240gr/
Хлопья овсяные «Каждый день» Геркулес, 400 г, 14.97 , Нет скидки, 790260, Каждый день, https://www.auchan.ru/product/kd-gerkules-400-g-1/
Чипсы «Каждый день» со вкусом сметаны и лука, 100 г, 41.99 , Нет скидки, 993203, Каждый день, https://www.auchan.ru/product/kd-chipsy-vkus-luk-i-smet-100g/
Суп гороховый «Каждый день», 60 г, 12.97 , Нет скидки, 728762, Каждый день, https://www.auchan.ru/product/kdsup_gorohovyy_60gr/
Рис «Каждый День» пропаренный, 800 г, 79.98 , Нет скидки, 885992, Каждый день, https://www.auchan.ru/product/kd-ris-proparennyy-800-g-1/
Вермишель быстрого приготовления «Каждый день» со вкусом говядины, 60 г, 12.98 , Нет скидки, 171201, Каждый день, https://www.auchan.ru/product/kdvermishel_bp_s_govbu60g/
Социальный товар Мука пшеничная, 2 кг, 38.97 , Нет скидки, 696279, Каждый день, https://www.auchan.ru/product/kdmuka_2_kg/
Вермишель быстрого приготовления «Каждый день» со вкусом грибов, 60 г, 12.98 , Нет скидки, 171202, Каждый день, https://www.auchan.ru/product/kdvermishel_bp_s_grbu60g/
Спагетти «Каждый День», 400 г, 18.16 , Нет скидки, 543942, Каждый день, https://www.auchan.ru/product/kd-spagetti-400-g-1/
